店舗名,店舗名,住所
赤羽店,イトーヨーカ堂 赤羽店,東京都北区赤羽西1-7-1
昭島店,イトーヨーカ堂 昭島店,東京都昭島市田中町562-1
綾瀬店,イトーヨーカ堂 綾瀬店,東京都足立区綾瀬3-4-25
大井町店,イトーヨーカ堂 大井町店,東京都品川区大井1-3-6
大森店,イトーヨーカ堂 大森店,東京都大田区大森北2-13-1
アリオ葛西店,イトーヨーカ堂 アリオ葛西店,東京都江戸川区東葛西9-3-3
上板橋店,イトーヨーカ堂 上板橋店,東京都板橋区常盤台4-26-1
アリオ亀有店,イトーヨーカ堂 アリオ亀有店,東京都葛飾区亀有3-49-3
亀有駅前店,イトーヨーカ堂 亀有駅前店,東京都葛飾区亀有3-26-1
アリオ北砂店,イトーヨーカ堂 アリオ北砂店,東京都江東区北砂2-17
木場店,イトーヨーカ堂 木場店,東京都江東区木場1-5-30
小岩店,イトーヨーカ堂 小岩店,東京都江戸川区西小岩1-24-1
国領店,イトーヨーカ堂 国領店,東京都調布市国領町8-2-64
高砂店,イトーヨーカ堂 高砂店,東京都葛飾区高砂3-12-5
多摩センター店,イトーヨーカ堂 多摩センター店,東京都多摩市落合1-44
アリオ西新井店,イトーヨーカ堂 アリオ西新井店,東京都足立区西新井栄町1-20-1
ネットスーパー西日暮里店,イトーヨーカ堂 ネットスーパー西日暮里店,東京都荒川区西日暮里6‐65-1
拝島店,イトーヨーカ堂 拝島店,東京都昭島市松原町3-2-12
八王子店,イトーヨーカ堂 八王子店,東京都八王子市狭間町1462-1
東久留米店,イトーヨーカ堂 東久留米店,東京都東久留米市本町3-8-1
東村山店,イトーヨーカ堂 東村山店,東京都東村山市本町2-2-19
東大和店,イトーヨーカ堂 東大和店,東京都東大和市桜が丘2-142-1
曳舟店,イトーヨーカ堂 曳舟店,東京都墨田区京島1-2-1
南大沢店,イトーヨーカ堂 南大沢店,東京都八王子市南大沢2-28-1
武蔵小金井店,イトーヨーカ堂 武蔵小金井店,東京都小金井市本町6-14-9
武蔵境店,イトーヨーカ堂 武蔵境店,東京都武蔵野市境南町2-2-20
四つ木店,イトーヨーカ堂 四つ木店,東京都葛飾区四つ木2-21-1
伊勢原店,イトーヨーカ堂 伊勢原店,神奈川県伊勢原市桜台1-8-1
大船店,イトーヨーカ堂 大船店,神奈川県鎌倉市大船6-1-1
小田原店,イトーヨーカ堂 小田原店,神奈川県小田原市中里296-1
桂台店,イトーヨーカ堂 桂台店,神奈川県横浜市栄区桂台中15-1
上永谷店,イトーヨーカ堂 上永谷店,神奈川県横浜市港南区丸山台1-12
川崎店,イトーヨーカ堂 川崎店,神奈川県川崎市川崎区小田栄2-2-1
川崎港町店,イトーヨーカ堂 川崎港町店,神奈川県川崎市川崎区港町12-1
古淵店,イトーヨーカ堂 古淵店,神奈川県相模原市南区古淵3-13-33
相模原店,イトーヨーカ堂 相模原店,神奈川県相模原市南区松が枝町17-1
湘南台店,イトーヨーカ堂 湘南台店,神奈川県藤沢市石川6-2-1
食品館ららぽーと湘南平塚店,イトーヨーカ堂 食品館ららぽーと湘南平塚店,神奈川県平塚市天沼10－1
新百合ケ丘店,イトーヨーカ堂 新百合ケ丘店,神奈川県川崎市麻生区上麻生1-4-1
食品館瀬谷店,イトーヨーカ堂 食品館瀬谷店,神奈川県横浜市瀬谷区中央6-15
立場店,イトーヨーカ堂 立場店,神奈川県横浜市泉区中田西1-1-15
たまプラーザ店,イトーヨーカ堂 たまプラーザ店,神奈川県横浜市青葉区美しが丘1-6-1
茅ヶ崎店,イトーヨーカ堂 茅ヶ崎店,神奈川県茅ヶ崎市新栄町11-8
綱島店,イトーヨーカ堂 綱島店,神奈川県横浜市港北区綱島西2-8-1
鶴見店,イトーヨーカ堂 鶴見店,神奈川県横浜市鶴見区鶴見中央3-15-30
能見台店,イトーヨーカ堂 能見台店,神奈川県横浜市金沢区能見台東3-1
アリオ橋本店,イトーヨーカ堂 アリオ橋本店,神奈川県相模原市緑区大山町1-22
藤沢店,イトーヨーカ堂 藤沢店,神奈川県藤沢市鵠沼石上1-10-1
溝ノ口店,イトーヨーカ堂 溝ノ口店,神奈川県川崎市高津区久本3-6-20
グランツリ－武蔵小杉店,イトーヨーカ堂 グランツリ－武蔵小杉店,神奈川県川崎市中原区新丸子東3-1135-1
武蔵小杉駅前店,イトーヨーカ堂 武蔵小杉駅前店,神奈川県川崎市中原区小杉町3-420
大和鶴間店,イトーヨーカ堂 大和鶴間店,神奈川県大和市下鶴間1丁目3番1号
洋光台店,イトーヨーカ堂 洋光台店,神奈川県横浜市磯子区洋光台3-10-3
ららぽーと横浜店,イトーヨーカ堂 ららぽーと横浜店,神奈川県横浜市都筑区池辺町4035番1
横浜別所店,イトーヨーカ堂 横浜別所店,神奈川県横浜市南区別所1-14-1
若葉台店,イトーヨーカ堂 若葉台店,神奈川県横浜市旭区若葉台3-7-1
姉崎店,イトーヨーカ堂 姉崎店,千葉県市原市姉崎645-1
我孫子店,イトーヨーカ堂 我孫子店,千葉県我孫子市我孫子4-11-1
我孫子南口店,イトーヨーカ堂 我孫子南口店,千葉県我孫子市本町3-2-1
アリオ市原店,イトーヨーカ堂 アリオ市原店,千葉県市原市更級四丁目3番2
食品館おおたかの森店,イトーヨーカ堂 食品館おおたかの森店,千葉県流山市おおたかの森南1丁目5番地の1
柏店,イトーヨーカ堂 柏店,千葉県柏市柏2-15
アリオ柏店,イトーヨーカ堂 アリオ柏店,千葉県柏市大島田1丁目6-1
アリオ蘇我店,イトーヨーカ堂 アリオ蘇我店,千葉県千葉市中央区川崎町52番地7
津田沼店,イトーヨーカ堂 津田沼店,千葉県習志野市津田沼1-10-30
流山店,イトーヨーカ堂 流山店,千葉県流山市流山9-800-2
船橋店,イトーヨーカ堂 船橋店,千葉県船橋市本町7-6-1
幕張店,イトーヨーカ堂 幕張店,千葉県千葉市花見川区幕張町4-417-25
松戸店,イトーヨーカ堂 松戸店,千葉県松戸市松戸1149
八千代店,イトーヨーカ堂 八千代店,千葉県八千代市村上南1-3-1
八柱店,イトーヨーカ堂 八柱店,千葉県松戸市日暮1-15-8
四街道店,イトーヨーカ堂 四街道店,千葉県四街道市中央５番地
アリオ上尾店,イトーヨーカ堂 アリオ上尾店,埼玉県上尾市大字壱丁目367番地
上尾駅前店,イトーヨーカ堂 上尾駅前店,埼玉県上尾市谷津2-1-1
朝霞店,イトーヨーカ堂 朝霞店,埼玉県朝霞市根岸台3丁目20-1
浦和店,イトーヨーカ堂 浦和店,埼玉県さいたま市浦和区仲町1-7-1
大宮店,イトーヨーカ堂 大宮店,埼玉県さいたま市大宮区吉敷町4-263-1
大宮宮原店,イトーヨーカ堂 大宮宮原店,埼玉県さいたま市北区宮原町1-854-1
春日部店,イトーヨーカ堂 春日部店,埼玉県春日部市中央1-13-1
アリオ川口店,イトーヨーカ堂 アリオ川口店,埼玉県川口市並木元町1-79
食品館川越店,イトーヨーカ堂 食品館川越店,埼玉県川越市新富町1丁目20番地1号
久喜店,イトーヨーカ堂 久喜店,埼玉県久喜市久喜中央4-9-11
食品館埼玉大井店,イトーヨーカ堂 食品館埼玉大井店,埼玉県ふじみ野市西鶴ヶ岡1-3-15
新田店,イトーヨーカ堂 新田店,埼玉県草加市旭町六丁目15番30号
食品館ららぽーと新三郷店,イトーヨーカ堂 食品館ららぽーと新三郷店,埼玉県三郷市新三郷ららシティ3-1-1
草加店,イトーヨーカ堂 草加店,埼玉県草加市高砂2-7-1
西川口店,イトーヨーカ堂 西川口店,埼玉県川口市西川口2丁目3番5号
アリオ深谷店,イトーヨーカ堂 アリオ深谷店,埼玉県深谷市上柴町西4-2-14
三郷店,イトーヨーカ堂 三郷店,埼玉県三郷市ピアラシティ一丁目1番地1
和光店,イトーヨーカ堂 和光店,埼玉県和光市丸山台1-9-3
アリオ鷲宮店,イトーヨーカ堂 アリオ鷲宮店,埼玉県久喜市久本寺谷田7-1
