店舗名,住所
トモズ 白金高輪店,東京都港区高輪 1丁目3-1 プレミストタワー白金高輪 1F
トモズ アークヒルズ店,東京都港区赤坂1-12-32アーク森ビル 2F
トモズ 青葉台店,神奈川県横浜市青葉区青葉台1-6-14エキニア青葉台
トモズ 青葉台東急スクエア店,神奈川県横浜市青葉区青葉台2-1-1青葉台東急スクエアNorth-1　1·2F
トモズ 赤坂店,東京都港区赤坂4-2-8金春ビル 1F
トモズ 秋葉原店,東京都千代田区神田佐久間町1-25
トモズ アコルデ代々木上原店,東京都渋谷区西原3-8-5アコルデ代々木上原 2F
トモズ 麻布十番店,東京都港区麻布十番3-7-11
トモズ アトレヴィ田端店,東京都北区東田端1-17-2 アトレヴィ田端2F
トモズ アトレ浦和店,埼玉県さいたま市浦和区高砂1-16-12アトレ浦和1F
トモズ アトレ川崎店,神奈川県川崎市川崎区駅前本町26-1アトレ川崎 1F
トモズ アトレ吉祥寺店,東京都武蔵野市吉祥寺南1-1-24アトレ吉祥寺 2F
トモズアトレ四谷店,東京都新宿区四谷1-5-25アトレ四谷2Ｆ
トモズ 有明ガーデン店,東京都江東区有明2-1-8有明ガーデン商業棟2Ｆ
トモズ イクスピアリ店,千葉県浦安市舞浜1-4 イクスピアリ ２Ｆ シアター・フロント
トモズ 池尻大橋店,東京都目黒区大橋２丁目２２-９
トモズ 磯子店,神奈川県横浜市磯子区森1-6-1ピーコックストア磯子店内
トモズ 稲田堤店,神奈川県川崎市多摩区菅2-1-13
トモズ 梅里店,東京都杉並区梅里2-9-8
トモズ ＥＱＵＩＡ朝霞,埼玉県朝霞市本町2-13-1ＥＱＵＩＡ朝霞 1F
トモズ EQUIA 曳舟店,東京都墨田区東向島2-26-6EQUIA曳舟店 1F
トモズエキュートエディション新橋店,営業開始時間 7:00東京都港区新橋2-17-14駅 地下 ホーム 1 グランゲート新橋内
トモズ エスパル仙台店,宮城県仙台市青葉区中央1-1-1エスパル仙台東館 2F
トモズエトモ祐天寺店,東京都目黒区祐天寺2-13-4東急祐天寺駅ビル1階
トモズ 恵比寿 ガーデンプレイス店,東京都渋谷区恵比寿4-20-3恵比寿ガーデンプレイスオフィスタワー B1F
トモズ Emio桜台店,東京都練馬区桜台1-5-1
トモズ Emio東久留米店,東京都東久留米市東本町1-8Ｅｍｉｏ東久留米 １階
トモズ 王子店,東京都北区王子6-9-10 サミットストア王子店 ２F
トモズ 大泉学園店,東京都練馬区東大泉1-33-6 大泉源ｾﾝﾄﾗﾙﾋﾞﾙ 1階
トモズ 大倉山店,神奈川県横浜市港北区大倉山3-1-1サンレモンビル1階
トモズ 大手町カンファレンスセンター店,東京都千代田区大手町1-3-2カンファレンスセンタ B1F
トモズ 大手町プレイス店,東京都千代田区大手町2-3-1プレイス・ウエストタワ ーB1F
トモズ 大宮店,埼玉県さいたま市大宮区桜木町1-1-10
トモズ 大谷口店,東京都板橋区大谷口2-67-3
トモズ 大山店,東京都板橋区大山町36-9
トモズ小田急マルシェ祖師ヶ谷大蔵店,東京都世田谷区祖師谷3-1-2小田急マルシェ祖師ヶ谷大蔵1F
トモズ 小田急マルシェ玉川学園前店,東京都町田市玉川学園２－２１－３７
トモズ お花茶屋店,東京都葛飾区宝町2-34-16
トモズ 学芸大学店,東京都目黒区鷹番３－７－９リューワビル1F
トモズ カトレヤプラザ伊勢佐木店,神奈川県横浜市中区伊勢佐木町1-5-4カトレヤプラザ伊勢佐木1F
トモズ 蒲田店,東京都大田区西蒲田7-66-4
トモズ 上板橋北口店,東京都板橋区常盤台4-31-3
トモズ 上板橋南口店,東京都板橋区上板橋2-2-20
トモズ 上馬店,東京都世田谷区上馬3-6-11
トモズ 上野毛店,東京都世田谷区中町2-23-10
トモズ 神谷町店,東京都港区虎ノ門５－１－５　メトロシティ神谷町Ｂ１
トモズ 亀有駅北店,東京都葛飾区亀有5丁目14-27 サミットストア亀有駅北店内
トモズ 茅場町店,東京都中央区日本橋茅場町2-10-5
トモズ 川口店,埼玉県川口市飯塚２－２－１
トモズ菊名店,神奈川県横浜市港北区菊名6-16-1サミット菊名店内
トモズ 北浦和店,埼玉県さいたま市浦和区北浦和4-3-9
トモズ 北浦和東口店,埼玉県さいたま市浦和区元町2-1-3ライオンズプラザ浦和元町シティ 1F
トモズ キテミテマツド店,千葉県松戸市松戸1307-1キテミテマツド1F
トモズ 清瀬店,東京都清瀬市元町1-3-10
トモズ 銀座三丁目店,東京都中央区銀座3-10-1
トモズ クイーンズ伊勢丹笹塚店,東京都渋谷区笹塚1-48-14クイーンズ伊勢丹笹塚店内
トモズ クイーンズ伊勢丹石神井公園店,東京都練馬区石神井町2-14-1クイーンズ伊勢丹石神井公園店内地下1F
トモズ クイーンズ伊勢丹杉並桃井店,東京都杉並区桃井3-5-1クイーンズ伊勢丹杉並桃井店1F
トモズ クイーンズ伊勢丹仙川店,東京都調布市仙川町1-48-5クイーンズ伊勢丹2F
トモズ クイーンズスクエア横浜店,神奈川県横浜市西区みなとみらい2-3-4みなとみらいクイーンズスクエア4 1F
トモズ 久米川店,東京都東村山市栄町1-5-6
トモズ グリーンマークシティ 松戸新田店,千葉県松戸市松戸新田245-26
トモズ ゲートシティ大崎店,東京都品川区大崎1-11-1ゲートシティ大崎ウエストタワー 1F
トモズ 京王リトナード永福町店,東京都杉並区永福2-60-31 京王リトナード永福町2Ｆ
トモズ 京王リトナード つつじヶ丘店,東京都調布市西つつじケ丘３丁目３５－１京王リトナードつつじヶ丘内
トモズ Coconeri店,東京都練馬区練馬1-17-1Coconeri 2F
トモズ越谷店,埼玉県越谷市赤山本町7-3
トモズ五反田店,東京都品川区 西五反田２丁目-２８-５第２オークラビル １F
トモズ 小手指店,埼玉県所沢市小手指町3-21-2
トモズ 狛江店,東京都狛江市元和泉1-4-4
トモズ 駒沢店,東京都世田谷区駒沢5-22-3
トモズ 駒沢駅前店,東京都世田谷区上馬4-4-5
トモズ コレド日本橋店,東京都中央区日本橋1-4-1コレド日本橋 1F
トモズ 鷺沼北口店,神奈川県川崎市宮前区鷺沼4-1-1グリーンヒル鷺沼
トモズ 三軒茶屋店,東京都世田谷区三軒茶屋1-39-7
トモズ シーアイハイツ和光店,埼玉県和光市本町31-1サミットストア2F
トモズ 汐留シティセンター店,東京都港区東新橋 １－５－２汐留シティセンターB2F
トモズ 志木店,埼玉県新座市東北2-30-18
トモズ 品川インターシティ店,東京都港区港南2-15-2品川インターシティ 2F
トモズ 渋谷並木橋店,東京都渋谷区渋谷３－１０－１３
トモズ 下赤塚店,東京都板橋区赤塚2-2-18パークアクシス赤塚 1F
トモズ 下倉田店,神奈川県横浜市戸塚区下倉田町１８８３サミット下倉田店内1F
トモズ 石神井公園店,東京都練馬区石神井町2-13-13
トモズ シャポー小岩店,新規オープン東京都江戸川区南小岩7-24-15シャポー小岩 B1F
トモズ 自由が丘北口店,東京都目黒区自由が丘2-11-2
トモズ 自由が丘南口店,東京都目黒区自由が丘1-8-23自由が丘プチプラザ１F
トモズ湘南藤沢オーパ店,神奈川県藤沢市南藤沢２２−３藤沢オーパ 1階
トモズ 白金プラザ店,東京都港区白金1-17-2白金プラザ B1F
トモズ ThinkPark店,東京都品川区大崎２丁目１－１ThinkPark2F
トモズ 新高円寺店,東京都杉並区梅里1-6-1
トモズ新宿住友ビル店,東京都新宿区西新宿2-6-1新宿住友ビルB1F
トモズ 新宿二丁目店,東京都新宿区新宿2-5-10
トモズ 新丸子店,神奈川県川崎市中原区新丸子町743
トモズ 水天宮前店,東京都中央区日本橋人形町1-14-8
トモズ 成城コルティ店,東京都世田谷区成城6-5-34成城コルティ 2F
トモズ 洗足店,東京都目黒区洗足2-7-15
トモズ 洗足駅前店,東京都目黒区洗足2-6-9
トモズ 仙台サンモール店,宮城県仙台市青葉区一番町2-6-1
トモズ 仙台中央店,宮城県仙台市青葉区中央4-2-16
トモズ 仙台長町店,宮城県仙台市太白区長町7-20-3ザ・モール仙台長町1F
トモズ 代沢店,東京都世田谷区代沢5-8-14
トモズ 高田馬場店,東京都新宿区高田馬場3-12-2高田馬場OCビル 1F
トモズ たまプラーザテラス店,神奈川県横浜市青葉区新石川2-2-1たまプラーザテラス サウスプラザ 1F
トモズ 反町店,神奈川県横浜市神奈川区反町3-17-2
トモズ 中央林間東急スクエア店,神奈川県大和市中央林間4-12-1東急スクエア 1F
トモズ 辻堂南口店,神奈川県藤沢市辻堂1-2-24
トモズ 鶴川店,東京都町田市能ヶ谷1-7-1
トモズ 鶴見店,神奈川県横浜市鶴見区中央1-4-1 坂口屋ビル 1F
トモズ テラスモール湘南店,神奈川県藤沢市辻堂神台1-3-1テラスモール湘南 １Ｆ
トモズ 東京オペラシティ店,東京都新宿区西新宿3-20-2東京オペラシティ B1F
トモズ 東京ガーデンテラス紀尾井町店,新規オープン東京都千代田区紀尾井町1-3 東京ガーデンテラス紀尾井町1F 弁慶濠テラス
トモズ 東京ミッドタウン店,東京都港区赤坂9-7-2東京ミッドタウン ミッドタウンイーストB1F
トモズ 東京ミッドタウン日比谷店,東京都千代田区有楽町1-1-2東京ミッドタウン日比谷 B1F
トモズ 東武練馬店,東京都練馬区北町2-39-3マノア大栄1F・2F
トモズ 所沢中新井店,埼玉県所沢市中新井1-812-1
トモズ 等々力北口店,東京都世田谷区等々力3-5-2
トモズ 等々力南口店,東京都世田谷区等々力２－３２－１４
トモズ 恵比寿ガーデンプレイス センタープラザ店,東京都渋谷区恵比寿4-20-7 恵比寿ガーデンプレイスセンタープラザ　地下2階
トモズ 横浜岡野店,神奈川県横浜市西区岡野2-5-18 サミットストア横浜岡野店内1階
トモズ 川口エルザタワー店,埼玉県川口市元郷２－１５－３ サミットストア川口エルザタワー店内
トモズ 踊場駅前店,神奈川県横浜市戸塚区汲沢2－1－1 サミットストア踊場駅前店3F
トモズラボ 池尻大橋店,東京都目黒区大橋２丁目２２-９トモズ池尻大橋店内
トモズ 虎ノ門ヒルズ店,東京都港区虎ノ門1-23-3
トモズ トルナーレ浜町店,東京都中央区日本橋浜町３－３－１
トモズ 長津田店,神奈川県横浜市緑区長津田5-3-7
トモズ 中延店,東京都品川区中延3-8-7 サンハイツ中延 １階
トモズ 長原店,東京都大田区上池台1-13-6
トモズ 中目黒店,東京都目黒区上目黒3-3-14
トモズ 西永福店,東京都杉並区永福4-19-3
トモズ 西荻窪店,東京都杉並区西荻北3-20-2 ＡＣＥ西荻窪
トモズ 西葛西店,東京都江戸川区西葛西6-9-12
トモズ 西新宿五丁目店,東京都新宿区西新宿5-25-11
トモズ西所沢店,埼玉県所沢市西所沢1-11-9
トモズニューコースト新浦安店,千葉県浦安市明海4-1-1ニューコースト新浦安1F
トモズ 練馬高野台店,東京都練馬区高野台1-7-33
トモズ 野沢店,東京都世田谷区野沢3-37-9
トモズパークシティ 武蔵小山ザモール,東京都品川区小山3-15-1パークシティ武蔵小山 ザ・モール 2階
トモズ 白楽店,神奈川県横浜市神奈川区白楽121
トモズ 幡ヶ谷店,東京都渋谷区西原2-31-4
トモズ 八王子店,東京都八王子市子安町4-7-1サザンスカイタワー八王子2F
トモズ 鳩ケ谷駅前店,埼玉県川口市里1591-1 サミット鳩ケ谷駅前店内
トモズ 花小金井店,東京都小平市花小金井４－３２-9
トモズ 浜松町店,東京都港区浜松町1-29-6
トモズ 晴海トリトン店,東京都中央区晴海1-8-16トリトン 2F
トモズ ビーンズ赤羽店,東京都北区赤羽1-1-1ビーンズ赤羽 １Ｆ
トモズ ビーンズ阿佐ヶ谷店,東京都杉並区阿佐谷南3-58-1ビーンズ阿佐ヶ谷 2F
トモズ ビーンズ新杉田店,神奈川県横浜市磯子区新杉田町６ビーンズ新杉田 2F
トモズ 東池袋店,東京都豊島区東池袋3-4-3
トモズ 東浦和店,新規オープン埼玉県さいたま市緑区東浦和2丁目51−26 サミットストア東浦和店2F
トモズ 東高円寺店,東京都杉並区高円寺南1-7-4
トモズ 東小金井店,東京都小金井市梶野町5-2-27
トモズ 東大和店,東京都東大和市清原4-10-19
トモズ日吉店,神奈川県横浜市港北区日吉本町1-2-15
トモズ フレルさぎ沼店,神奈川県川崎市宮前区鷺沼1-1フレルさぎ沼 2F
トモズ 馬込沢駅前店,千葉県船橋市藤原7-2-2Luz船橋 １F
トモズ ミスターマックス藤沢SC店,神奈川県藤沢市辻堂新町4-3-5ミスターマックス湘南藤沢SC1F
トモズ 三鷹北口店,東京都武蔵野市中町1-6-5
トモズ 三鷹南口店,東京都三鷹市下連雀3-32-19
トモズ 南砂町ＳＵＮＡＭＯ店,東京都江東区新砂3-4-31南砂町SUNAMO 1F
トモズ 宮前平店,神奈川県川崎市宮前区宮前平2-15-15
トモズ 武蔵小杉店,神奈川県川崎市中原区小杉町3-432-4
トモズ 武蔵境店,東京都武蔵野市境２－１４－１
トモズ 武蔵新城店,神奈川県川崎市中原区新城１－３－１
トモズ 元住吉店,神奈川県川崎市中原区木月1-29-25
トモズ 元住吉西口店,神奈川県川崎市中原区木月1-30-33
トモズ 元住吉東口店,神奈川県川崎市中原区木月2-5-1
トモズ モリシア津田沼店,千葉県習志野市谷津1-16-1モリシア津田沼 2階
トモズ 矢向店,神奈川県横浜市鶴見区矢向6-7-10
トモズ 柳瀬川駅前店,埼玉県志木市館2-5-2サミット柳瀬川駅前店2Ｆ
トモズ Ｕ＿ＰＬＡＣＥ川越店,埼玉県川越市脇田本町8-1Ｕ_ＰＬＡＣＥ 2Ｆ
トモズ 横浜ベイクォーター店,神奈川県横浜市神奈川区金港町1-10横浜ベイクォータ 3F
トモズ ラスカ茅ヶ崎店,神奈川県茅ヶ崎市元町1-1ラスカ茅ヶ崎 2F
トモズ ラスカ平塚店,神奈川県平塚市宝町1-1ラスカ平塚 1F
トモズ ラゾーナ川崎店,神奈川県川崎市幸区堀川町72-1ラゾーナ川崎プラザ 1F
トモズ ららぽーと海老名店,神奈川県海老名市扇町１３−１ららぽーと海老名 1F
トモズ ららぽーと湘南平塚店,神奈川県平塚市天沼１０−１ららぽーと湘南平塚1F
トモズ 六本木ヒルズ店,東京都港区六本木6-10-3六本木ヒルズ 　ウェストウォーク1F
トモズ 和光店,埼玉県和光市本町3-23
